{
  "timestamp_utc": "2026-03-29T09:06:54.175612+00:00",
  "data": {
    "email_dataset": "data/phishing_email.csv",
    "url_dataset": "data/PhiUSIIL_Phishing_URL_Dataset.csv",
    "rows_used": 318280,
    "train_rows": 254624,
    "test_rows": 63656,
    "label_distribution": {
      "legitimate_0": 140540,
      "phishing_1": 177740
    }
  },
  "selection": {
    "metric": "accuracy",
    "best_model": "linear_svc",
    "details": {
      "strategy": "top_ranked",
      "reason": "top_ranked",
      "calibrated_margin": 0.002
    }
  },
  "models": [
    {
      "accuracy": 0.9966853085333669,
      "precision_phishing": 0.9960971500772147,
      "recall_phishing": 0.9979745695960391,
      "phishing_f1": 0.9970349760409202,
      "macro_f1": 0.9966385587430019,
      "weighted_f1": 0.9966848912913321,
      "confusion_matrix": [
        [
          27969,
          139
        ],
        [
          72,
          35476
        ]
      ],
      "classification_report": {
        "0": {
          "precision": 0.9974323312292714,
          "recall": 0.9950547886722642,
          "f1-score": 0.9962421414450836,
          "support": 28108.0
        },
        "1": {
          "precision": 0.9960971500772147,
          "recall": 0.9979745695960391,
          "f1-score": 0.9970349760409202,
          "support": 35548.0
        },
        "accuracy": 0.9966853085333669,
        "macro avg": {
          "precision": 0.996764740653243,
          "recall": 0.9965146791341517,
          "f1-score": 0.9966385587430019,
          "support": 63656.0
        },
        "weighted avg": {
          "precision": 0.9966867138547378,
          "recall": 0.9966853085333669,
          "f1-score": 0.9966848912913321,
          "support": 63656.0
        }
      },
      "per_source": {
        "email": {
          "rows": 16590,
          "accuracy": 0.9931886678722122,
          "precision_phishing": 0.9947466728928321,
          "recall_phishing": 0.9920828967283735,
          "phishing_f1": 0.9934129991256193,
          "label_distribution": {
            "legitimate_0": 8001,
            "phishing_1": 8589
          }
        },
        "url": {
          "rows": 47066,
          "accuracy": 0.9979178175328263,
          "precision_phishing": 0.9965248253170172,
          "recall_phishing": 0.9998516265440113,
          "phishing_f1": 0.9981854540068138,
          "label_distribution": {
            "legitimate_0": 20107,
            "phishing_1": 26959
          }
        }
      },
      "name": "linear_svc",
      "train_seconds": 75.5730933570012,
      "predict_seconds": 11.129328074999648
    },
    {
      "accuracy": 0.9963868292069875,
      "precision_phishing": 0.9962065864898281,
      "recall_phishing": 0.997327557105885,
      "phishing_f1": 0.9967667566351777,
      "macro_f1": 0.9963362407499443,
      "weighted_f1": 0.9963865586804794,
      "confusion_matrix": [
        [
          27973,
          135
        ],
        [
          95,
          35453
        ]
      ],
      "classification_report": {
        "0": {
          "precision": 0.9966153626906086,
          "recall": 0.9951970969119112,
          "f1-score": 0.995905724864711,
          "support": 28108.0
        },
        "1": {
          "precision": 0.9962065864898281,
          "recall": 0.997327557105885,
          "f1-score": 0.9967667566351777,
          "support": 35548.0
        },
        "accuracy": 0.9963868292069875,
        "macro avg": {
          "precision": 0.9964109745902183,
          "recall": 0.9962623270088982,
          "f1-score": 0.9963362407499443,
          "support": 63656.0
        },
        "weighted avg": {
          "precision": 0.9963870860727666,
          "recall": 0.9963868292069875,
          "f1-score": 0.9963865586804794,
          "support": 63656.0
        }
      },
      "per_source": {
        "email": {
          "rows": 16590,
          "accuracy": 0.9922242314647378,
          "precision_phishing": 0.9954321855235418,
          "recall_phishing": 0.9895214809640237,
          "phishing_f1": 0.9924680329304607,
          "label_distribution": {
            "legitimate_0": 8001,
            "phishing_1": 8589
          }
        },
        "url": {
          "rows": 47066,
          "accuracy": 0.9978540772532188,
          "precision_phishing": 0.9964510166358596,
          "recall_phishing": 0.9998145331800141,
          "phishing_f1": 0.9981299413060786,
          "label_distribution": {
            "legitimate_0": 20107,
            "phishing_1": 26959
          }
        }
      },
      "name": "calibrated_linear_svc",
      "train_seconds": 94.14058157999898,
      "predict_seconds": 11.34248553299949
    },
    {
      "accuracy": 0.9963397008922961,
      "precision_phishing": 0.995983258897222,
      "recall_phishing": 0.997468211995049,
      "phishing_f1": 0.9967251823637718,
      "macro_f1": 0.9962882717901156,
      "weighted_f1": 0.9963393371204536,
      "confusion_matrix": [
        [
          27965,
          143
        ],
        [
          90,
          35458
        ]
      ],
      "classification_report": {
        "0": {
          "precision": 0.9967920156834789,
          "recall": 0.994912480432617,
          "f1-score": 0.9958513612164592,
          "support": 28108.0
        },
        "1": {
          "precision": 0.995983258897222,
          "recall": 0.997468211995049,
          "f1-score": 0.9967251823637718,
          "support": 35548.0
        },
        "accuracy": 0.9963397008922961,
        "macro avg": {
          "precision": 0.9963876372903504,
          "recall": 0.9961903462138331,
          "f1-score": 0.9962882717901156,
          "support": 63656.0
        },
        "weighted avg": {
          "precision": 0.9963403742633792,
          "recall": 0.9963397008922961,
          "f1-score": 0.9963393371204536,
          "support": 63656.0
        }
      },
      "per_source": {
        "email": {
          "rows": 16590,
          "accuracy": 0.9920433996383363,
          "precision_phishing": 0.9934648150309254,
          "recall_phishing": 0.9911514728140645,
          "phishing_f1": 0.9923067956638303,
          "label_distribution": {
            "legitimate_0": 8001,
            "phishing_1": 8589
          }
        },
        "url": {
          "rows": 47066,
          "accuracy": 0.9978540772532188,
          "precision_phishing": 0.9967815921870375,
          "recall_phishing": 0.9994806929040395,
          "phishing_f1": 0.9981293178492712,
          "label_distribution": {
            "legitimate_0": 20107,
            "phishing_1": 26959
          }
        }
      },
      "name": "passive_aggressive",
      "train_seconds": 66.35352876300021,
      "predict_seconds": 11.472800804000144
    },
    {
      "accuracy": 0.9930721377403544,
      "precision_phishing": 0.9929235348628233,
      "recall_phishing": 0.9946832451896028,
      "phishing_f1": 0.9938026110541183,
      "macro_f1": 0.9929745340277626,
      "weighted_f1": 0.993071318196986,
      "confusion_matrix": [
        [
          27856,
          252
        ],
        [
          189,
          35359
        ]
      ],
      "classification_report": {
        "0": {
          "precision": 0.9932608308076306,
          "recall": 0.9910345809022343,
          "f1-score": 0.9921464570014069,
          "support": 28108.0
        },
        "1": {
          "precision": 0.9929235348628233,
          "recall": 0.9946832451896028,
          "f1-score": 0.9938026110541183,
          "support": 35548.0
        },
        "accuracy": 0.9930721377403544,
        "macro avg": {
          "precision": 0.9930921828352269,
          "recall": 0.9928589130459186,
          "f1-score": 0.9929745340277626,
          "support": 63656.0
        },
        "weighted avg": {
          "precision": 0.9930724715603324,
          "recall": 0.9930721377403544,
          "f1-score": 0.993071318196986,