{
  "timestamp_utc": "2026-03-29T14:04:15.436760+00:00",
  "data": {
    "email_dataset": "data/phishing_email.csv",
    "url_dataset": "data/PhiUSIIL_Phishing_URL_Dataset.csv",
    "rows_used": 317718,
    "augmentation": {
      "enabled": true,
      "weight": 2,
      "base_rows": 318281,
      "augmented_rows_added": 271,
      "total_rows_after_dedup": 317718
    },
    "train_rows": 254174,
    "test_rows": 63544,
    "label_distribution": {
      "legitimate_0": 139783,
      "phishing_1": 177935
    }
  },
  "selection": {
    "metric": "accuracy",
    "best_model": "linear_svc",
    "details": {
      "strategy": "top_ranked",
      "reason": "top_ranked",
      "calibrated_margin": 0.002
    }
  },
  "models": [
    {
      "accuracy": 0.9966479919425909,
      "precision_phishing": 0.9958230544965239,
      "recall_phishing": 0.9982015904684295,
      "phishing_f1": 0.9970109038858249,
      "macro_f1": 0.9965978412029745,
      "weighted_f1": 0.9966474394068985,
      "confusion_matrix": [
        [
          27808,
          149
        ],
        [
          64,
          35523
        ]
      ],
      "classification_report": {
        "0": {
          "precision": 0.9977037887485649,
          "recall": 0.9946703866652359,
          "f1-score": 0.996184778520124,
          "support": 27957.0
        },
        "1": {
          "precision": 0.9958230544965239,
          "recall": 0.9982015904684295,
          "f1-score": 0.9970109038858249,
          "support": 35587.0
        },
        "accuracy": 0.9966479919425909,
        "macro avg": {
          "precision": 0.9967634216225444,
          "recall": 0.9964359885668327,
          "f1-score": 0.9965978412029745,
          "support": 63544.0
        },
        "weighted avg": {
          "precision": 0.996650507717667,
          "recall": 0.9966479919425909,
          "f1-score": 0.9966474394068985,
          "support": 63544.0
        }
      },
      "per_source": {
        "email": {
          "rows": 16477,
          "accuracy": 0.993809552709838,
          "precision_phishing": 0.9948598130841122,
          "recall_phishing": 0.993235362724516,
          "phishing_f1": 0.9940469242441928,
          "label_distribution": {
            "legitimate_0": 7903,
            "phishing_1": 8574
          }
        },
        "url": {
          "rows": 47014,
          "accuracy": 0.9977240821882843,
          "precision_phishing": 0.9961572568725983,
          "recall_phishing": 0.9998887364165708,
          "phishing_f1": 0.9980195087641365,
          "label_distribution": {
            "legitimate_0": 20051,
            "phishing_1": 26963
          }
        },
        "url_augmented": {
          "rows": 53,
          "accuracy": 0.9245283018867925,
          "precision_phishing": 0.9791666666666666,
          "recall_phishing": 0.94,
          "phishing_f1": 0.9591836734693877,
          "label_distribution": {
            "legitimate_0": 3,
            "phishing_1": 50
          }
        }
      },
      "name": "linear_svc",
      "train_seconds": 77.08179215000018,
      "predict_seconds": 11.300030390000302
    }
  ],
  "ranking": [
    "linear_svc"
  ],
  "model_output": "saved_models/phishing_model.joblib"
}