{
  "timestamp_utc": "2026-03-15T14:50:14.666019+00:00",
  "data": {
    "email_dataset": "data\\phishing_email.csv",
    "url_dataset": "data\\PhiUSIIL_Phishing_URL_Dataset.csv",
    "rows_used": 318280,
    "train_rows": 254624,
    "test_rows": 63656,
    "label_distribution": {
      "legitimate_0": 140540,
      "phishing_1": 177740
    }
  },
  "selection": {
    "metric": "phishing_f1",
    "best_model": "linear_svc"
  },
  "models": [
    {
      "accuracy": 0.9940932512253362,
      "precision_phishing": 0.9929640634635869,
      "recall_phishing": 0.9964836277709013,
      "phishing_f1": 0.9947207323579793,
      "macro_f1": 0.9940086100727319,
      "weighted_f1": 0.9940918416581636,
      "confusion_matrix": [
        [
          27857,
          251
        ],
        [
          125,
          35423
        ]
      ],
      "classification_report": {
        "0": {
          "precision": 0.9955328425416339,
          "recall": 0.991070157962146,
          "f1-score": 0.9932964877874844,
          "support": 28108.0
        },
        "1": {
          "precision": 0.9929640634635869,
          "recall": 0.9964836277709013,
          "f1-score": 0.9947207323579793,
          "support": 35548.0
        },
        "accuracy": 0.9940932512253362,
        "macro avg": {
          "precision": 0.9942484530026103,
          "recall": 0.9937768928665236,
          "f1-score": 0.9940086100727319,
          "support": 63656.0
        },
        "weighted avg": {
          "precision": 0.9940983358389442,
          "recall": 0.9940932512253362,
          "f1-score": 0.9940918416581636,
          "support": 63656.0
        }
      },
      "name": "linear_svc",
      "train_seconds": 225.7226257000002,
      "predict_seconds": 22.61791269999958
    },
    {
      "accuracy": 0.992993590549202,
      "precision_phishing": 0.992673478553784,
      "recall_phishing": 0.9947957691009339,
      "phishing_f1": 0.9937334906985893,
      "macro_f1": 0.9928945330229676,
      "weighted_f1": 0.9929925889031144,
      "confusion_matrix": [
        [
          27847,
          261
        ],
        [
          185,
          35363
        ]
      ],
      "classification_report": {
        "0": {
          "precision": 0.993400399543379,
          "recall": 0.9907143873630283,
          "f1-score": 0.9920555753473459,
          "support": 28108.0
        },
        "1": {
          "precision": 0.992673478553784,
          "recall": 0.9947957691009339,
          "f1-score": 0.9937334906985893,
          "support": 35548.0
        },
        "accuracy": 0.992993590549202,
        "macro avg": {
          "precision": 0.9930369390485815,
          "recall": 0.9927550782319812,
          "f1-score": 0.9928945330229676,
          "support": 63656.0
        },
        "weighted avg": {
          "precision": 0.9929944584327511,
          "recall": 0.992993590549202,
          "f1-score": 0.9929925889031144,
          "support": 63656.0
        }
      },
      "name": "passive_aggressive",
      "train_seconds": 77.19752919999883,
      "predict_seconds": 11.53188340000088
    },
    {
      "accuracy": 0.9917211260525324,
      "precision_phishing": 0.9913021520159367,
      "recall_phishing": 0.9938955778102847,
      "phishing_f1": 0.9925971709112363,
      "macro_f1": 0.9916035406433309,
      "weighted_f1": 0.9917196743808138,
      "confusion_matrix": [
        [
          27798,
          310
        ],
        [
          217,
          35331
        ]
      ],
      "classification_report": {
        "0": {
          "precision": 0.9922541495627343,
          "recall": 0.9889711114273516,
          "f1-score": 0.9906099103754255,
          "support": 28108.0
        },
        "1": {
          "precision": 0.9913021520159367,
          "recall": 0.9938955778102847,
          "f1-score": 0.9925971709112363,
          "support": 35548.0
        },
        "accuracy": 0.9917211260525324,
        "macro avg": {
          "precision": 0.9917781507893355,
          "recall": 0.9914333446188182,
          "f1-score": 0.9916035406433309,
          "support": 63656.0
        },
        "weighted avg": {
          "precision": 0.9917225168997714,
          "recall": 0.9917211260525324,
          "f1-score": 0.9917196743808138,
          "support": 63656.0
        }
      },
      "name": "logistic_regression",
      "train_seconds": 206.1593214000004,
      "predict_seconds": 17.53209760000027
    },
    {
      "accuracy": 0.9900559256001006,
      "precision_phishing": 0.990503217105448,
      "recall_phishing": 0.9917013615393271,
      "phishing_f1": 0.9911019272129212,
      "macro_f1": 0.9899165841002922,
      "weighted_f1": 0.9900551248939009,
      "confusion_matrix": [
        [
          27770,
          338
        ],
        [
          295,
          35253
        ]
      ],
      "classification_report": {
        "0": {
          "precision": 0.9894886869766614,
          "recall": 0.9879749537498221,
          "f1-score": 0.9887312409876631,
          "support": 28108.0
        },
        "1": {
          "precision": 0.990503217105448,
          "recall": 0.9917013615393271,
          "f1-score": 0.9911019272129212,
          "support": 35548.0
        },
        "accuracy": 0.9900559256001006,
        "macro avg": {
          "precision": 0.9899959520410546,
          "recall": 0.9898381576445746,
          "f1-score": 0.9899165841002922,
          "support": 63656.0
        },
        "weighted avg": {
          "precision": 0.9900552402790698,
          "recall": 0.9900559256001006,
          "f1-score": 0.9900551248939009,
          "support": 63656.0
        }
      },
      "name": "sgd_classifier",
      "train_seconds": 77.49320799999987,
      "predict_seconds": 9.980277299999216
    },
    {
      "accuracy": 0.9727598341083323,
      "precision_phishing": 0.9700305810397554,
      "recall_phishing": 0.9815460785416901,
      "phishing_f1": 0.9757543555468553,
      "macro_f1": 0.9723378724717824,
      "weighted_f1": 0.9727371849337426,
      "confusion_matrix": [
        [
          27030,
          1078
        ],
        [
          656,
          34892
        ]
      ],
      "classification_report": {
        "0": {
          "precision": 0.9763057140793181,
          "recall": 0.9616479294151131,
          "f1-score": 0.9689213893967094,
          "support": 28108.0
        },
        "1": {
          "precision": 0.9700305810397554,
          "recall": 0.9815460785416901,
          "f1-score": 0.9757543555468553,
          "support": 35548.0
        },
        "accuracy": 0.9727598341083323,
        "macro avg": {
          "precision": 0.9731681475595367,
          "recall": 0.9715970039784017,
          "f1-score": 0.9723378724717824,
          "support": 63656.0
        },
        "weighted avg": {
          "precision": 0.9728014343682087,
          "recall": 0.9727598341083323,
          "f1-score": 0.9727371849337426,
          "support": 63656.0
        }
      },
      "name": "multinomial_nb",
      "train_seconds": 113.52550289999999,
      "predict_seconds": 11.437538299998778
    }
  ],
  "ranking": [
    "linear_svc",
    "passive_aggressive",
    "logistic_regression",
    "sgd_classifier",
    "multinomial_nb"
  ],
  "model_output": "saved_models\\phishing_model.joblib"
}