{
  "timestamp_utc": "2026-04-06T14:37:47.535795+00:00",
  "data": {
    "email_dataset": "data/phishing_email.csv",
    "url_dataset": "data/PhiUSIIL_Phishing_URL_Dataset.csv",
    "rows_used": 317718,
    "augmentation": {
      "enabled": true,
      "weight": 2,
      "base_rows": 318281,
      "augmented_rows_added": 271,
      "total_rows_after_dedup": 317718
    },
    "train_rows": 254174,
    "test_rows": 63544,
    "label_distribution": {
      "legitimate_0": 139783,
      "phishing_1": 177935
    }
  },
  "selection": {
    "metric": "accuracy",
    "best_model": "linear_svc",
    "details": {
      "strategy": "top_ranked",
      "reason": "top_ranked",
      "calibrated_margin": 0.002
    }
  },
  "models": [
    {
      "accuracy": 0.9966479919425909,
      "precision_phishing": 0.9958230544965239,
      "recall_phishing": 0.9982015904684295,
      "phishing_f1": 0.9970109038858249,
      "macro_f1": 0.9965978412029745,
      "weighted_f1": 0.9966474394068985,
      "confusion_matrix": [
        [
          27808,
          149
        ],
        [
          64,
          35523
        ]
      ],
      "classification_report": {
        "0": {
          "precision": 0.9977037887485649,
          "recall": 0.9946703866652359,
          "f1-score": 0.996184778520124,
          "support": 27957.0
        },
        "1": {
          "precision": 0.9958230544965239,
          "recall": 0.9982015904684295,
          "f1-score": 0.9970109038858249,
          "support": 35587.0
        },
        "accuracy": 0.9966479919425909,
        "macro avg": {
          "precision": 0.9967634216225444,
          "recall": 0.9964359885668327,
          "f1-score": 0.9965978412029745,
          "support": 63544.0
        },
        "weighted avg": {
          "precision": 0.996650507717667,
          "recall": 0.9966479919425909,
          "f1-score": 0.9966474394068985,
          "support": 63544.0
        }
      },
      "per_source": {
        "email": {
          "rows": 16477,
          "accuracy": 0.993809552709838,
          "precision_phishing": 0.9948598130841122,
          "recall_phishing": 0.993235362724516,
          "phishing_f1": 0.9940469242441928,
          "label_distribution": {
            "legitimate_0": 7903,
            "phishing_1": 8574
          }
        },
        "url": {
          "rows": 47014,
          "accuracy": 0.9977240821882843,
          "precision_phishing": 0.9961572568725983,
          "recall_phishing": 0.9998887364165708,
          "phishing_f1": 0.9980195087641365,
          "label_distribution": {
            "legitimate_0": 20051,
            "phishing_1": 26963
          }
        },
        "url_augmented": {
          "rows": 53,
          "accuracy": 0.9245283018867925,
          "precision_phishing": 0.9791666666666666,
          "recall_phishing": 0.94,
          "phishing_f1": 0.9591836734693877,
          "label_distribution": {
            "legitimate_0": 3,
            "phishing_1": 50
          }
        }
      },
      "name": "linear_svc",
      "train_seconds": 74.774800884,
      "predict_seconds": 11.272699751999994
    },
    {
      "accuracy": 0.9964748835452599,
      "precision_phishing": 0.995793960126742,
      "recall_phishing": 0.9979205889791216,
      "phishing_f1": 0.9968561403508772,
      "macro_f1": 0.9964222676753491,
      "weighted_f1": 0.996474364624145,
      "confusion_matrix": [
        [
          27807,
          150
        ],
        [
          74,
          35513
        ]
      ],
      "classification_report": {
        "0": {
          "precision": 0.9973458627739321,
          "recall": 0.994634617448224,
          "f1-score": 0.995988394999821,
          "support": 27957.0
        },
        "1": {
          "precision": 0.995793960126742,
          "recall": 0.9979205889791216,
          "f1-score": 0.9968561403508772,
          "support": 35587.0
        },
        "accuracy": 0.9964748835452599,
        "macro avg": {
          "precision": 0.996569911450337,
          "recall": 0.9962776032136729,
          "f1-score": 0.9964222676753491,
          "support": 63544.0
        },
        "weighted avg": {
          "precision": 0.9964767396544315,
          "recall": 0.9964748835452599,
          "f1-score": 0.996474364624145,
          "support": 63544.0
        }
      },
      "per_source": {
        "email": {
          "rows": 16477,
          "accuracy": 0.9927778114948109,
          "precision_phishing": 0.9928879561618281,
          "recall_phishing": 0.993235362724516,
          "phishing_f1": 0.9930616290595301,
          "label_distribution": {
            "legitimate_0": 7903,
            "phishing_1": 8574
          }
        },
        "url": {
          "rows": 47014,
          "accuracy": 0.9978729740077423,
          "precision_phishing": 0.9967087016012721,
          "recall_phishing": 0.9995920335274264,
          "phishing_f1": 0.9981482853121991,
          "label_distribution": {
            "legitimate_0": 20051,
            "phishing_1": 26963
          }
        },
        "url_augmented": {
          "rows": 53,
          "accuracy": 0.9056603773584906,
          "precision_phishing": 1.0,
          "recall_phishing": 0.9,
          "phishing_f1": 0.9473684210526315,
          "label_distribution": {
            "legitimate_0": 3,
            "phishing_1": 50
          }
        }
      },
      "name": "passive_aggressive",
      "train_seconds": 63.549170025000194,
      "predict_seconds": 11.348990123000021
    },
    {
      "accuracy": 0.9963175122749591,
      "precision_phishing": 0.9959040538644971,
      "recall_phishing": 0.9975271868940906,
      "phishing_f1": 0.9967149595687331,
      "macro_f1": 0.9962628077706169,
      "weighted_f1": 0.9963170995718825,
      "confusion_matrix": [
        [
          27811,
          146
        ],
        [
          88,
          35499
        ]
      ],
      "classification_report": {
        "0": {
          "precision": 0.9968457650811857,
          "recall": 0.9947776943162714,
          "f1-score": 0.9958106559725007,
          "support": 27957.0
        },
        "1": {
          "precision": 0.9959040538644971,
          "recall": 0.9975271868940906,
          "f1-score": 0.9967149595687331,
          "support": 35587.0
        },
        "accuracy": 0.9963175122749591,
        "macro avg": {
          "precision": 0.9963749094728414,
          "recall": 0.9961524406051809,
          "f1-score": 0.9962628077706169,
          "support": 63544.0
        },
        "weighted avg": {
          "precision": 0.9963183718250436,
          "recall": 0.9963175122749591,
          "f1-score": 0.9963170995718825,
          "support": 63544.0
        }
      },
      "per_source": {
        "email": {
          "rows": 16477,
          "accuracy": 0.992656430175396,
          "precision_phishing": 0.9954284374633688,
          "recall_phishing": 0.9904362024725916,
          "phishing_f1": 0.9929260450160772,
          "label_distribution": {
            "legitimate_0": 7903,
            "phishing_1": 8574
          }
        },
        "url": {
          "rows": 47014,
          "accuracy": 0.9976815416684391,
          "precision_phishing": 0.9960836473804774,
          "recall_phishing": 0.9998887364165708,
          "phishing_f1": 0.9979825649188399,
          "label_distribution": {
            "legitimate_0": 20051,
            "phishing_1": 26963
          }
        },
        "url_augmented": {
          "rows": 53,
          "accuracy": 0.9245283018867925,
          "precision_phishing": 0.9791666666666666,
          "recall_phishing": 0.94,
          "phishing_f1": 0.9591836734693877,
          "label_distribution": {
            "legitimate_0": 3,
            "phishing_1": 50
          }
        }
      },
      "name": "calibrated_linear_svc",
      "train_seconds": 90.39777324400006,